{"\u53e4\u664b\u6d77\u6ee8\u516c\u56ed": [25.125375050000002, 121.91555162703168], "\u5f85\u8865\u5145\u5730\u5740": [35.0301567, 135.7533078], "Kinabalu Park, 89308 Ranau, Sabah, Malaysia": [6.0058311, 116.5423988], "George Town, 10300 Penang, Malaysia": [5.4141619, 100.3287352], "Petaling Street, 50000 Kuala Lumpur, Malaysia": [3.1434705000000003, 101.69773750369151], "Batu Caves, 68100 Selangor, Malaysia": [3.2378206, 101.681192], "Kuala Lumpur City Centre, 50088 Kuala Lumpur, Malaysia": [3.156151, 101.71452040976348], "Jalan Perdana, 50480 Kuala Lumpur, Malaysia": [3.1419507420256, 101.6873387738983], "Bukit Bendera, 11300 Penang, Malaysia": [5.4246532, 100.2688869], "Bako National Park, 93000 Kuching, Sarawak, Malaysia": [1.5524018, 110.3639597], "Jalan Main Bazaar, 93000 Kuching, Sarawak, Malaysia": [1.5588966313350847, 110.34689940340496], "Jalan Tun Abang Haji Openg, 93000 Kuching, Sarawak, Malaysia": [1.554771780157213, 110.34272321779295], "Pulau Sipadan, Semporna, Sabah, Malaysia": [4.11482995, 118.62881551140886], "Jalan Gopeng, 30000 Ipoh, Perak, Malaysia": [4.591619491663779, 101.09042949823039], "Oriental Village, 07000 Langkawi, Kedah, Malaysia": [6.37096335, 99.67194979942713], "Bako National Park, 93010 Kuching, Sarawak, Malaysia": [1.7163893, 110.4441073], "Jalan Trus, 80000 Johor Bahru, Malaysia": [1.4603414285900778, 103.76339086882781], "Jalan Gereja, 75000 Melaka, Malaysia": [2.194572014252394, 102.2503815425847], "Jalan Parameswara, 78000 Melaka, Malaysia": [2.1910459768417674, 102.2521789939618], "Melaka River, 75000 Melaka, Malaysia": [2.1947204, 102.2484109], "Jalan Sultan Ibrahim, 15000 Kota Bharu, Kelantan, Malaysia": [6.125830401101837, 102.23786824157187], "Jalan Hospital, 15000 Kota Bharu, Kelantan, Malaysia": [6.125265668253859, 102.23870747412994], "Jalan Skudai, 80300 Johor Bahru, Malaysia": [1.4548481500000001, 103.75938685], "Jalan Bukit Siol, 93050 Kuching, Sarawak, Malaysia": [1.5759107016733378, 110.34928627449227], "Jalan Pasir, 88100 Kota Kinabalu, Sabah, Malaysia": [5.9954012878411875, 116.10589024435637], "Jalan Sepilok, 90000 Sandakan, Sabah, Malaysia": [5.869985361625115, 117.95045567508481], "Jalan Hang Jebat, 75200 Melaka, Malaysia": [2.19800054889179, 102.24515552997349], "Jalan Tebrau, 80300 Johor Bahru, Malaysia": [1.4692976774874358, 103.76108842447734], "Jalan Gertak Merah, 80000 Johor Bahru, Malaysia": [1.4646575, 103.7567208], "Weld Quay, George Town, 10300 Penang, Malaysia": [5.4142809394167015, 100.34164856431435], "Restoran Nasi Lemak Wanjo, Kampung Baru, 50300 Kuala Lumpur, Malaysia": [3.16244675, 101.7044456526178], "Jalan Panglima, 30000 Ipoh, Perak, Malaysia": [4.596694876074329, 101.07817619318499], "Jalan Muzium, 88300 Kota Kinabalu, Sabah, Malaysia": [5.9596246490193, 116.07251952152865], "31200 Batu Gajah, Perak, Malaysia": [4.4651435, 101.0264148], "Petronas Twin Towers, Malaysia": [3.1579678500000004, 101.71120482350457], "Batu Caves, Malaysia": [3.2377898, 101.68135992619528], "Kuching, Malaysia": [1.5597561, 110.345397], "Gunung Gading National Park, Malaysia": [1.6952624, 109.8414373], "Bean Coffee, Malaysia": [3.1669986, 101.6529513], "Johor Bahru, Malaysia": [1.4581986, 103.7649059], "sarawak cultural village, malaysia": [1.7497942499999999, 110.31680784577006], "gunung gading national park, malaysia": [1.6952624, 109.8414373], "bako national park, malaysia": [1.7207096000000002, 110.47840011382766], "kubah national park, malaysia": [1.6125826, 110.1966225], "fairy cave, malaysia": [1.3816802, 110.1175201], "cat museum, malaysia": [1.5866837, 110.3340284], "kuching, malaysia": [1.5597561, 110.345397], "kuala lumpur, malaysia": [3.1526589, 101.7022205], "restoran nyonya makko, malaysia": [2.1889835, 102.2544327], "a famosa, malaysia": [2.19239575, 102.24940973824266]}